,Unnamed: 0,tweet_id,retweet_count,favorite_count
0,0,892420643555336193,8698,39116
1,1,892177421306343426,6385,33500
2,2,891815181378084864,4240,25247
3,3,891689557279858688,8797,42478
4,4,891327558926688256,9576,40636
5,5,891087950875897856,3178,20383
6,6,890971913173991426,2116,11950
7,7,890729181411237888,19274,66089
8,8,890609185150312448,4338,27986
9,9,890240255349198849,7566,32204
10,10,890006608113172480,7477,30870
11,11,889880896479866881,5061,27998
12,12,889665388333682689,10258,48366
13,13,889638837579907072,4632,27393
14,14,889531135344209921,2272,15216
15,15,889278841981685760,5546,25499
16,16,888917238123831296,4593,29312
17,17,888804989199671297,4447,25797
18,18,888554962724278272,3668,20094
19,19,888078434458587136,3583,21948
20,20,887705289381826560,5502,30435
21,21,887517139158093824,11886,46573
22,22,887473957103951883,18600,69682
23,23,887343217045368832,10594,33934
24,24,887101392804085760,6077,30802
25,25,886983233522544640,7924,35480
26,26,886736880519319552,3364,12185
27,27,886680336477933568,4551,22609
28,28,886366144734445568,3248,21294
29,29,886267009285017600,4,117
30,30,886258384151887873,6409,28196
31,31,886054160059072513,105,0
32,32,885984800019947520,6939,32993
33,33,885528943205470208,6559,36287
34,34,885518971528720385,3837,20581
35,35,885311592912609280,18928,0
36,36,885167619883638784,4459,22121
37,37,884925521741709313,18878,78202
38,38,884876753390489601,5964,28186
39,39,884562892145688576,5019,24508
40,40,884441805382717440,5766,27215
41,41,884247878851493888,20807,73567
42,42,884162670584377345,3048,20541
43,43,883838122936631299,3516,22079
44,44,883482846933004288,10182,46341
45,45,883360690899218434,3759,22732
46,46,883117836046086144,6805,37532
47,47,882992080364220416,4021,24142
48,48,882762694511734784,5016,28556
49,49,882627270321602560,6208,28101
50,50,882268110199369728,11834,45333
51,51,882045870035918850,5089,29591
52,52,881906580714921986,3454,24495
53,53,881666595344535552,10907,50989
54,54,881633300179243008,7,129
55,55,881536004380872706,16294,49857
56,56,881268444196462592,5249,23252
57,57,880935762899988482,2836,17146
58,58,880872448815771648,3908,21485
59,59,880465832366813184,6411,28756
60,60,880221127280381952,4329,27317
61,61,880095782870896641,4444,27843
62,62,879862464715927552,3573,22461
63,63,879674319642796034,10,314
64,64,879492040517615616,3256,23591
65,65,879415818425184262,45091,106803
66,66,879376492567855104,3178,16901
67,67,879130579576475649,7014,0
68,68,879050749262655488,4826,22777
69,69,879008229531029506,2748,19106
70,70,878776093423087618,4224,19536
71,71,878604707211726852,7413,30543
72,72,878404777348136964,1326,0
73,73,878316110768087041,6820,0
74,74,878281511006478336,1325,7829
75,75,878057613040115712,7014,42394
76,76,877736472329191424,19650,80732
77,77,877611172832227328,82,0
78,78,877556246731214848,3914,23007
79,79,877316821321428993,5312,27607
80,80,877201837425926144,5729,27387
81,81,876838120628539392,3447,20870
82,82,876537666061221889,4710,23612
83,83,876484053909872640,2466,18944
84,84,876120275196170240,4805,28154
85,85,875747767867523072,4402,25444
86,86,875144289856114688,5043,22131
87,87,875097192612077568,6210,27664
88,88,875021211251597312,4818,25730
89,89,874680097055178752,4764,28141
90,90,874434818259525634,15194,0
91,91,874296783580663808,4231,26328
92,92,874057562936811520,4059,22877
93,93,874012996292530176,10764,35065
94,94,873580283840344065,4049,24517
95,95,873337748698140672,1635,0
96,96,873213775632977920,1635,7365
97,97,872967104147763200,5561,27705
98,98,872820683541237760,3809,14876
99,99,872668790621863937,30,0
100,100,872620804844003328,3825,21053
101,101,872486979161796608,9252,41112
102,102,872261713294495745,6528,34681
103,103,872122724285648897,8376,34891
104,104,871879754684805121,11620,38607
105,105,871762521631449091,3589,20541
106,106,871515927908634625,3559,20505
107,107,871166179821445120,5880,0
108,108,871102520638267392,5661,21212
109,109,871032628920680449,3924,22994
110,110,870804317367881728,6440,34156
111,111,870726314365509632,3,120
112,112,870656317836468226,2755,12657
113,113,870374049280663552,27156,83993
114,114,870308999962521604,4298,22178
115,115,870063196459192321,8649,37307
116,116,869772420881756160,10443,43153
117,117,869702957897576449,6572,28755
118,118,869596645499047938,3256,16275
119,119,869227993411051520,3942,20843
120,120,868880397819494401,15066,66906
121,121,868639477480148993,2186,0
122,122,868622495443632128,6161,27941
123,123,868552278524837888,2186,10391
124,124,867900495410671616,4358,24683
125,125,867774946302451713,7642,34728
126,126,867421006826221569,2634,16534
127,127,867072653475098625,132,0
128,128,867051520902168576,8253,32992
129,129,866720684873056260,5063,20607
130,130,866686824827068416,3652,19825
131,131,866450705531457537,36861,124753
132,132,866334964761202691,15194,53961
133,133,866094527597207552,8768,0
134,134,865718153858494464,5880,26283
135,135,865359393868664832,5256,27182
136,136,865006731092295680,8068,28746
137,137,864873206498414592,9196,33232
138,138,864279568663928832,3214,15011
139,139,864197398364647424,9428,31025
140,140,863907417377173506,4357,21211
141,141,863553081350529029,4391,15728
142,142,863471782782697472,2620,0
143,143,863432100342583297,5559,24495
144,144,863427515083354112,103,2328
145,145,863079547188785154,1162,9007
146,146,863062471531167744,2620,8821
147,147,862831371563274240,5351,19764
148,148,862722525377298433,3734,17579
149,149,862457590147678208,5256,21205
150,150,862096992088072192,24641,77065
151,151,861383897657036800,11318,37259
152,152,861288531465048066,4413,17765
153,153,861005113778896900,4033,17291
154,154,860981674716409858,2285,0
155,155,860924035999428608,868,0
156,156,860563773140209665,2285,7765
157,157,860524505164394496,5586,24400
158,158,860276583193509888,3682,18921
159,159,860184849394610176,6200,17252
160,160,860177593139703809,32755,0
161,161,859924526012018688,4272,19775
162,162,859851578198683649,3718,15918
163,163,859607811541651456,1672,19244
164,164,859196978902773760,32196,93349
165,165,859074603037188101,14477,35131
166,166,858860390427611136,8652,0
167,167,858843525470990336,3697,16114
168,168,858471635011153920,5162,22317
169,169,858107933456039936,3101,16327
170,170,857989990357356544,2755,16738
171,171,857746408056729600,11308,35575
172,172,857393404942143489,1744,6146
173,173,857263160327368704,4836,20769
174,174,857214891891077121,20,240
175,175,857062103051644929,181,0
176,176,857029823797047296,4284,19666
177,177,856602993587888130,11431,0
178,178,856543823941562368,3082,16944
179,179,856526610513747968,2018,12304
180,180,856330835276025856,722,0
181,181,856288084350160898,17,536
182,182,856282028240666624,6735,28759
183,183,855862651834028034,28,361
184,184,855860136149123072,1104,5001
185,185,855857698524602368,2273,12343
186,186,855851453814013952,18902,47281
187,187,855818117272018944,5843,27723
188,188,855459453768019968,8847,31274
189,189,855245323840757760,6439,0
190,190,855138241867124737,49,0
191,191,854732716440526848,6563,23898
192,192,854482394044301312,7440,30708
193,193,854365224396361728,5064,19779
194,194,854120357044912130,8128,33447
195,195,854010172552949760,3387,16955
196,196,853760880890318849,6275,30041
197,197,853639147608842240,11038,36674
198,198,853299958564483072,3859,16313
199,199,852936405516943360,2190,0
200,200,852912242202992640,2000,9498
201,201,852672615818899456,2333,15709
202,202,852553447878664193,3817,17265
203,203,852311364735569921,10773,34884
204,204,852226086759018497,7429,21082
205,205,852189679701164033,1717,12074
206,206,851953902622658560,10498,0
207,207,851861385021730816,23,0
208,208,851591660324737024,3771,17098
209,209,851464819735769094,7710,25630
210,210,851224888060895234,6242,21823
211,211,850753642995093505,10166,32898
212,212,850380195714523136,2856,13813
213,213,850333567704068097,363,3605
214,214,850145622816686080,4170,17298
215,215,850019790995546112,5363,21660
216,216,849776966551130114,8331,32292
217,217,849668094696017920,5425,0
218,218,849412302885593088,3431,16832
219,219,849336543269576704,2068,12106
220,220,849051919805034497,9315,44555
221,221,848690551926992896,4735,26760
222,222,848324959059550208,5045,26294
223,223,848213670039564288,818,8698
224,224,848212111729840128,3379,17374
225,225,847978865427394560,3581,0
226,226,847971574464610304,471,0
227,227,847962785489326080,5641,24969
228,228,847842811428974592,1485,5851
229,229,847617282490613760,459,7455
230,230,847606175596138505,3706,19932
231,231,847251039262605312,4709,21721
232,232,847157206088847362,6447,21276
233,233,847116187444137987,3513,22805
234,234,846874817362120707,4330,21395
235,235,846514051647705089,12805,47692
236,236,846505985330044928,3417,15090
237,237,846153765933735936,10009,33895
238,238,846139713627017216,10789,32826
239,239,846042936437604353,3171,17058
240,240,845812042753855489,9672,31268
241,241,845677943972139009,5267,26790
242,242,845459076796616705,14763,0
243,243,845397057150107648,2025,8135
244,244,845306882940190720,5941,24917
245,245,845098359547420673,8484,0
246,246,844979544864018432,2854,14549
247,247,844973813909606400,3546,16158
248,248,844704788403113984,11431,41413
249,249,844580511645339650,3466,17613
250,250,844223788422217728,2418,14574
251,251,843981021012017153,3222,16132
252,252,843856843873095681,5132,22902
253,253,843604394117681152,3026,18076
254,254,843235543001513987,6718,23015
255,255,842846295480000512,3947,16257
256,256,842765311967449089,1417,7227
257,257,842535590457499648,3866,19366
258,258,842163532590374912,6439,26241
259,259,842115215311396866,3335,15021
260,260,841833993020538882,17107,0
261,261,841680585030541313,8599,27486
262,262,841439858740625411,4092,13568
263,263,841320156043304961,6003,21152
264,264,841314665196081154,5220,17041
265,265,841077006473256960,5880,24590
266,266,840761248237133825,1944,0
267,267,840728873075638272,17952,0
268,268,840698636975636481,3,195
269,269,840696689258311684,1097,13213
270,270,840632337062862849,1944,9644
271,271,840370681858686976,5062,17688
272,272,840268004936019968,6371,20695
273,273,839990271299457024,2549,14435
274,274,839549326359670784,8652,29581
275,275,839290600511926273,157,0
276,276,839239871831150596,7294,29261
277,277,838952994649550848,4436,21080
278,278,838921590096166913,2309,12023
279,279,838916489579200512,37,0
280,280,838831947270979586,12361,0
281,281,838561493054533637,1478,11742
282,282,838476387338051585,5380,24328
283,283,838201503651401729,11274,0
284,284,838150277551247360,361,1804
285,285,838085839343206401,0,148
286,286,838083903487373313,3508,18953
287,287,837820167694528512,8768,36834
288,288,837482249356513284,490,4147
289,289,837471256429613056,2575,13801
290,290,837366284874571778,5909,22749
291,291,837110210464448512,2685,17251
292,292,836989968035819520,2563,13702
293,293,836753516572119041,5150,20739
294,294,836677758902222849,2474,13583
295,295,836648853927522308,615,0
296,296,836397794269200385,30759,0
297,297,836380477523124226,3284,15859
298,298,836260088725786625,4776,22890
299,299,836001077879255040,4836,20621
300,300,835685285446955009,9156,0
301,301,835574547218894849,4058,19197
302,302,835536468978302976,1899,0
303,303,835309094223372289,23532,0
304,304,835297930240217089,3335,17651
305,305,835264098648616962,1899,8376
306,306,835246439529840640,81,2239
307,307,835172783151792128,6422,28175
308,308,835152434251116546,3387,24228
309,309,834931633769889797,1846,11691
310,310,834786237630337024,6077,22703
311,311,834574053763584002,2831,14806
312,312,834477809192075265,11953,0
313,313,834458053273591808,1869,10386
314,314,834209720923721728,5374,22269
315,315,834167344700198914,4063,16981
316,316,834089966724603904,2381,10842
317,317,834086379323871233,2475,14112
318,318,833863086058651648,2683,14470
319,319,833826103416520705,3846,16543
320,320,833732339549220864,244,0
321,321,833722901757046785,3577,22324
322,322,833479644947025920,2308,16059
323,323,833124694597443584,5425,21857
324,324,832998151111966721,2484,14383
325,325,832769181346996225,44,0
326,326,832757312314028032,4045,18200
327,327,832682457690300417,3307,12854
328,328,832645525019123713,581,3148
329,329,832636094638288896,3150,17160
330,330,832397543355072512,2497,12949
331,331,832369877331693569,3581,18557
332,332,832273440279240704,2613,12223
333,333,832215909146226688,6931,0
334,334,832215726631055365,10493,0
335,335,832088576586297345,2,72
336,336,832040443403784192,10901,0
337,337,832032802820481025,5227,19320
338,338,831939777352105988,6894,25995
339,339,831926988323639298,37,368
340,340,831911600680497154,7316,29961
341,341,831670449226514432,2030,11322
342,342,831650051525054464,2190,7780
343,343,831552930092285952,2570,9750
344,344,831322785565769729,1714,9932
345,345,831315979191906304,1246,7024
346,346,831309418084069378,2729,12673
347,347,831262627380748289,2307,12904
348,348,830956169170665475,1699,8629
349,349,830583320585068544,18928,72510
350,350,830173239259324417,6414,0
351,351,830097400375152640,3383,10663
352,352,829878982036299777,5640,0
353,353,829861396166877184,2202,13281
354,354,829501995190984704,11953,34430
355,355,829449946868879360,2289,11385
356,356,829374341691346946,10498,37624
357,357,829141528400556032,8350,26615
358,358,829011960981237760,18253,57493
359,359,828801551087042563,3828,0
360,360,828770345708580865,6615,27746
361,361,828708714936930305,12621,39740
362,362,828650029636317184,1511,10337
363,363,828409743546925057,1288,6824
364,364,828408677031882754,1440,8299
365,365,828381636999917570,2494,13705
366,366,828376505180889089,1191,8023
367,367,828372645993398273,3284,13591
368,368,828361771580813312,192,2378
369,369,828046555563323392,3208,12790
370,370,828011680017821696,2404,11248
371,371,827933404142436356,5883,21907
372,372,827653905312006145,3373,16776
373,373,827600520311402496,1060,8056
374,374,827324948884643840,3436,17264
375,375,827199976799354881,2523,11513
376,376,826958653328592898,5640,23464
377,377,826848821049180160,11595,39776
378,378,826615380357632002,4438,0
379,379,826598799820865537,288,5565
380,380,826598365270007810,2648,10962
381,381,826476773533745153,4730,20026
382,382,826240494070030336,2921,14432
383,383,826204788643753985,1058,5288
384,384,826115272272650244,3539,17078
385,385,825876512159186944,2107,11376
386,386,825829644528148480,2807,13856
387,387,825535076884762624,19401,56627
388,388,825147591692263424,5162,19948
389,389,825120256414846976,1453,0
390,390,825026590719483904,1453,6925
391,391,824796380199809024,6189,0
392,392,824775126675836928,3982,16307
393,393,824663926340194305,1958,10970
394,394,824325613288833024,11682,12828
395,395,824297048279236611,4372,16384
396,396,824025158776213504,671,5197
397,397,823939628516474880,3062,11604
398,398,823719002937630720,12727,0
399,399,823699002998870016,2723,13681
400,400,823581115634085888,2991,14209
401,401,823333489516937216,30,764
402,402,823322678127919110,4549,17192
403,403,823269594223824897,11167,0
404,404,822975315408461824,3887,18886
405,405,822872901745569793,49732,144175
406,406,822859134160621569,2579,14410
407,407,822647212903690241,7244,0
408,408,822610361945911296,3350,16116
409,409,822489057087389700,7244,19821
410,410,822462944365645825,16775,31325
411,411,822244816520155136,11167,38312
412,412,822163064745328640,5458,0
413,413,821886076407029760,2646,12409
414,414,821813639212650496,3770,0
415,415,821765923262631936,1872,9213
416,416,821522889702862852,1997,8764
417,417,821421320206483457,6336,0
418,418,821407182352777218,4944,12897
419,419,821153421864615936,10,275
420,420,821149554670182400,2274,9565
421,421,821107785811234820,2419,10504
422,422,821044531881721856,2587,13841
423,423,820837357901512704,7585,0
424,424,820749716845686786,11274,34531
425,425,820690176645140481,3650,13367
426,426,820494788566847489,639,0
427,427,820446719150292993,2924,0
428,428,820314633777061888,639,3658
429,429,820078625395449857,7116,21670
430,430,820013781606658049,1336,0
431,431,819952236453363712,1336,5835
432,432,819924195358416896,5499,14081
433,433,819711362133872643,3549,14714
434,434,819588359383371776,2227,10469
435,435,819347104292290561,1360,7909
436,436,819238181065359361,454,2511
437,437,819227688460238848,7585,25286
438,438,819015337530290176,41455,0
439,439,819015331746349057,21393,0
440,440,819006400881917954,21393,49327
441,441,819004803107983360,41455,94324
442,442,818646164899774465,23634,0
443,443,818627210458333184,8421,24285
444,444,818614493328580609,2926,10819
445,445,818588835076603904,6990,0
446,446,818536468981415936,2807,11974
447,447,818307523543449600,9200,0
448,448,818259473185828864,2577,12043
449,449,818145370475810820,2946,13489
450,450,817908911860748288,894,5291
451,451,817827839487737858,30759,56853
452,452,817777686764523521,3025,11733
453,453,817536400337801217,3443,12938
454,454,817502432452313088,3848,0
455,455,817423860136083457,17107,37636
456,456,817415592588222464,1096,6163
457,457,817181837579653120,9689,0
458,458,817171292965273600,2278,9560
459,459,817120970343411712,2960,13215
460,460,817056546584727552,1878,9397
461,461,816829038950027264,5376,0
462,462,816816676327063552,2317,10949
463,463,816697700272001025,2494,10764
464,464,816450570814898180,9200,33546
465,465,816336735214911488,2226,9439
466,466,816091915477250048,2450,9793
467,467,816062466425819140,1183,0
468,468,816014286006976512,6047,0
469,469,815990720817401858,1183,5478
470,470,815966073409433600,9689,24705
471,471,815745968457060357,4696,0
472,472,815736392542261248,2576,10792
473,473,815639385530101762,1871,9046
474,474,815390420867969024,4318,11329
475,475,814986499976527872,1477,8376
476,476,814638523311648768,3076,12372
477,477,814578408554463233,6637,0
478,478,814530161257443328,2109,9519
479,479,814153002265309185,9895,31576
480,480,813944609378369540,3671,0
481,481,813910438903693312,2144,10201
482,482,813812741911748608,15955,39857
483,483,813800681631023104,2012,9174
484,484,813217897535406080,8293,20515
485,485,813202720496779264,2051,10070
486,486,813187593374461952,4964,21787
487,487,813172488309972993,2187,10258
488,488,813157409116065792,2514,8480
489,489,813142292504645637,2673,9237
490,490,813130366689148928,501,4897
491,491,813127251579564032,3577,13058
492,492,813112105746448384,3152,11356
493,493,813096984823349248,4120,11545
494,494,813081950185472002,3152,10840
495,495,813066809284972545,2218,8739
496,496,813051746834595840,8324,23002
497,497,812781120811126785,2166,8303
498,498,812747805718642688,7927,0
499,499,812709060537683968,1638,7285
500,500,812503143955202048,1397,6699
501,501,812466873996607488,2189,8794
502,502,812372279581671427,4184,15043
503,503,811985624773361665,1599,7996
504,504,811744202451197953,1835,8301
505,505,811647686436880384,844,6120
506,506,811627233043480576,3574,14084
507,507,811386762094317568,7286,22973
508,508,810984652412424192,1624,5865
509,509,810896069567610880,2040,9962
510,510,810657578271330305,3006,12048
511,511,810284430598270976,13065,39066
512,512,810254108431155201,3828,16161
513,513,809920764300447744,4438,17025
514,514,809808892968534016,5592,0
515,515,809448704142938112,1670,7621
516,516,809220051211603969,6414,21934
517,517,809084759137812480,3983,14506
518,518,808838249661788160,3461,11114
519,519,808733504066486276,2463,8688
520,520,808501579447930884,2951,12412
521,521,808344865868283904,23634,46702
522,522,808134635716833280,6817,0
523,523,808106460588765185,2477,9588
524,524,808001312164028416,4019,13817
525,525,807621403335917568,4196,16046
526,526,807106840509214720,61846,123808
527,527,807059379405148160,8359,0
528,528,807010152071229440,4343,14340
529,529,806629075125202948,39979,82885
530,530,806620845233815552,6291,0
531,531,806576416489959424,2195,5308
532,532,806542213899489280,2711,11232
533,533,806242860592926720,13334,0
534,534,806219024703037440,1368,7049
535,535,805958939288408065,6118,0
536,536,805932879469572096,2167,9099
537,537,805826884734976000,2087,7244
538,538,805823200554876929,9199,0
539,539,805520635690676224,1884,6298
540,540,805487436403003392,2882,9653
541,541,805207613751304193,1928,8566
542,542,804738756058218496,4385,15134
543,543,804475857670639616,2304,6782
544,544,804413760345620481,3662,0
545,545,804026241225523202,18529,49151
546,546,803773340896923648,3157,11071
547,547,803692223237865472,8509,0
548,548,803638050916102144,4731,12100
549,549,803380650405482500,2127,8518
550,550,803321560782307329,6095,0
551,551,803276597545603072,2817,11060
552,552,802952499103731712,2284,9960
553,553,802624713319034886,3338,0
554,554,802600418706604034,1674,7851
555,555,802572683846291456,2864,9842
556,556,802323869084381190,6674,17886
557,557,802265048156610565,1546,6948
558,558,802239329049477120,2983,9985
559,559,802185808107208704,309,0
560,560,801958328846974976,1950,8496
561,561,801854953262350336,267,1933
562,562,801538201127157760,2346,9027
563,563,801285448605831168,943,6694
564,564,801167903437357056,6817,27030
565,565,801127390143516673,4542,0
566,566,801115127852503040,2378,8892
567,567,800859414831898624,111,768
568,568,800855607700029440,1859,0
569,569,800751577355128832,3159,11565
570,570,800513324630806528,3426,14491
571,571,800459316964663297,2443,10406
572,572,800443802682937345,4941,0
573,573,800388270626521089,3191,12287
574,574,800188575492947969,4495,0
575,575,800141422401830912,2924,16865
576,576,800018252395122689,15053,31339
577,577,799774291445383169,5371,0
578,578,799757965289017345,2463,9275
579,579,799422933579902976,2178,8853
580,580,799308762079035393,6341,0
581,581,799297110730567681,3172,10922
582,582,799063482566066176,2810,8932
583,583,798933969379225600,5105,14520
584,584,798925684722855936,1639,8183
585,585,798705661114773508,7550,0
586,586,798701998996647937,8932,0
587,587,798697898615730177,7453,0
588,588,798694562394996736,5698,0
589,589,798686750113755136,2653,0
590,590,798682547630837760,5417,0
591,591,798673117451325440,6371,0
592,592,798665375516884993,4441,0
593,593,798644042770751489,2112,0
594,594,798628517273620480,2237,0
595,595,798585098161549313,6521,0
596,596,798576900688019456,6745,0
597,597,798340744599797760,3847,0
598,598,798209839306514432,2907,11421
599,599,797971864723324932,3590,12858
600,600,797545162159308800,5536,16009
601,601,797236660651966464,7570,22057
602,602,797165961484890113,32,254
603,603,796904159865868288,10211,0
604,604,796865951799083009,2162,8449
605,605,796759840936919040,3505,13099
606,606,796563435802726400,8364,0
607,607,796484825502875648,2013,8369
608,608,796387464403357696,4752,12164
609,609,796177847564038144,16346,0
610,610,796149749086875649,16346,35719
611,611,796125600683540480,2041,5459
612,612,796116448414461957,2762,10018
613,613,796080075804475393,2639,9326
614,614,796031486298386433,4221,11914
615,615,795464331001561088,27225,55012
616,616,795400264262053889,3265,11154
617,617,795076730285391872,6189,17905
618,618,794983741416415232,3853,0
619,619,794926597468000259,2647,11341
620,620,794355576146903043,11780,0
621,621,794332329137291264,3025,10553
622,622,794205286408003585,3808,10169
623,623,793962221541933056,5592,18610
624,624,793845145112371200,2142,10158
625,625,793614319594401792,3587,0
626,626,793601777308463104,1869,8809
627,627,793500921481273345,2722,11792
628,628,793286476301799424,10493,27190
629,629,793271401113350145,2695,9540
630,630,793256262322548741,9522,22048
631,631,793241302385262592,3740,11629
632,632,793226087023144960,3274,10854
633,633,793210959003287553,3230,9864
634,634,793195938047070209,6410,16846
635,635,793180763617361921,2264,7631
636,636,793165685325201412,3183,10372
637,637,793150605191548928,1955,6807
638,638,793135492858580992,2840,7120
639,639,793120401413079041,4472,14005
640,640,792913359805018113,4619,15839
641,641,792883833364439040,4883,12480
642,642,792773781206999040,1922,8101
643,643,792394556390137856,4903,14917
644,644,792050063153438720,2049,7929
645,645,791821351946420224,24063,0
646,646,791784077045166082,11055,0
647,647,791780927877898241,4350,0
648,648,791774931465953280,25376,49705
649,649,791672322847637504,3587,12967
650,650,791406955684368384,4696,14488
651,651,791312159183634433,2901,9704
652,652,791026214425268224,4722,0
653,653,790987426131050500,2435,10931
654,654,790946055508652032,5376,18326
655,655,790723298204217344,2651,0
656,656,790698755171364864,2167,9058
657,657,790581949425475584,8171,22828
658,658,790337589677002753,2133,8640
659,659,790277117346975746,3671,13857
660,660,790227638568808452,4104,0
661,661,789986466051088384,2651,10232
662,662,789960241177853952,4751,0
663,663,789903600034189313,4729,11470
664,664,789628658055020548,2035,8325
665,665,789599242079838210,2223,7505
666,666,789530877013393408,3853,12984
667,667,789314372632018944,2625,9500
668,668,789280767834746880,5636,0
669,669,789268448748703744,2956,10065
670,670,789137962068021249,3185,10715
671,671,788908386943430656,14170,30205
672,672,788765914992902144,11780,30294
673,673,788552643979468800,8242,0
674,674,788412144018661376,6065,17222
675,675,788178268662984705,2437,7986
676,676,788150585577050112,1486,6788
677,677,788070120937619456,3888,0
678,678,788039637453406209,1507,6771
679,679,787810552592695296,3485,9588
680,680,787717603741622272,3177,11273
681,681,787397959788929025,3229,11948
682,682,787322443945877504,1992,8596
683,683,787111942498508800,7639,0
684,684,786963064373534720,9156,29304
685,685,786729988674449408,2766,0
686,686,786709082849828864,6931,20028
687,687,786664955043049472,2939,11780
688,688,786595970293370880,3534,10366
689,689,786363235746385920,3997,12022
690,690,786286427768250368,3270,8805
691,691,786233965241827333,5458,16926
692,692,786051337297522688,176,1592
693,693,786036967502913536,8052,0
694,694,785927819176054784,3585,12531
695,695,785872687017132033,2083,7370
696,696,785639753186217984,2522,8603
697,697,785533386513321988,2296,10050
698,698,785515384317313025,1445,6715
699,699,785264754247995392,1868,8019
700,700,785170936622350336,5542,13329
701,701,784826020293709826,3662,11171
702,702,784517518371221505,2891,9888
703,703,784431430411685888,1457,6253
704,704,784183165795655680,9199,22173
705,705,784057939640352768,12727,32974
706,706,783839966405230592,12361,33190
707,707,783821107061198850,2234,8108
708,708,783695101801398276,3661,11495
709,709,783466772167098368,2562,9342
710,710,783391753726550016,6297,18633
711,711,783347506784731136,6403,0
712,712,783334639985389568,13334,32197
713,713,783085703974514689,2516,8968
714,714,782969140009107456,8359,26586
715,715,782747134529531904,1576,8209
716,716,782722598790725632,6118,19004
717,717,782598640137187329,2144,8586
718,718,782305867769217024,6336,18361
719,719,782021823840026624,7112,0
720,720,781955203444699136,3836,12202
721,721,781661882474196992,3080,11484
722,722,781655249211752448,1268,4402
723,723,781524693396357120,6291,22854
724,724,781308096455073793,2900,7858
725,725,781251288990355457,2391,9308
726,726,781163403222056960,3097,10739
727,727,780931614150983680,8364,23830
728,728,780858289093574656,2267,7914
729,729,780800785462489090,1470,6069
730,730,780601303617732608,3770,13319
731,731,780543529827336192,1976,6943
732,732,780496263422808064,4240,0
733,733,780476555013349377,133,0
734,734,780459368902959104,1204,5807
735,735,780192070812196864,2535,9580
736,736,780092040432480260,2608,0
737,737,780074436359819264,5682,13510
738,738,779834332596887552,8052,20954
739,739,779377524342161408,3536,9705
740,740,779124354206535695,20912,0
741,741,779123168116150273,4142,12988
742,742,779056095788752897,5129,16257
743,743,778990705243029504,8280,22017
744,744,778774459159379968,11324,0
745,745,778764940568104960,415,946
746,746,778748913645780993,1524,7595
747,747,778650543019483137,1695,6353
748,748,778624900596654080,1143,5114
749,749,778408200802557953,4925,14963
750,750,778396591732486144,13918,0
751,751,778383385161035776,1250,6429
752,752,778286810187399168,3761,11413
753,753,778039087836069888,2998,9310
754,754,778027034220126208,1845,7216
755,755,777953400541634568,4001,0
756,756,777885040357281792,1858,6982
757,757,777684233540206592,3338,12347
758,758,777641927919427584,4840,0
759,759,777621514455814149,2831,9614
760,760,777189768882946048,4912,15726
761,761,776819012571455488,15567,0
762,762,776813020089548800,1376,5367
763,763,776477788987613185,3182,9749
764,764,776249906839351296,10425,0
765,765,776218204058357768,18139,32924
766,766,776201521193218049,2855,10537
767,767,776113305656188928,4941,12907
768,768,776088319444877312,174,2012
769,769,775898661951791106,17272,0
770,770,775842724423557120,3043,12856
771,771,775733305207554048,4542,15219
772,772,775729183532220416,5204,14174
773,773,775364825476165632,3391,8180
774,774,775350846108426240,4447,11153
775,775,775085132600442880,5371,17049
776,776,774757898236878852,1995,9358
777,777,774639387460112384,1972,7390
778,778,774314403806253056,6341,23857
779,779,773985732834758656,4392,11768
780,780,773922284943896577,1954,7007
781,781,773704687002451968,1846,7219
782,782,773670353721753600,1468,5865
783,783,773547596996571136,6990,24192
784,784,773336787167145985,5790,0
785,785,773308824254029826,8484,25469
786,786,773247561583001600,3630,10267
787,787,773191612633579521,4649,10945
788,788,772877495989305348,4410,9407
789,789,772826264096874500,2625,8737
790,790,772615324260794368,3825,0
791,791,772581559778025472,1926,7108
792,792,772193107915964416,1568,6586
793,793,772152991789019136,1272,4129
794,794,772117678702071809,829,4109
795,795,772114945936949249,535,2971
796,796,772102971039580160,1046,4394
797,797,771908950375665664,2134,7203
798,798,771770456517009408,3847,13175
799,799,771500966810099713,2959,9053
800,800,771380798096281600,5790,11568
801,801,771171053431250945,8546,0
802,802,771136648247640064,3293,10084
803,803,771102124360998913,1624,6804
804,804,771014301343748096,1875,7549
805,805,771004394259247104,247,0
806,806,770787852854652928,1382,5431
807,807,770772759874076672,1591,5686
808,808,770743923962707968,51481,0
809,809,770655142660169732,1972,8025
810,810,770414278348247044,2335,6889
811,811,770293558247038976,1680,6829
812,812,770093767776997377,3439,0
813,813,770069151037685760,2601,8279
814,814,769940425801170949,10901,34448
815,815,769695466921623552,1888,7013
816,816,769335591808995329,8682,0
817,817,769212283578875904,1930,5909
818,818,768970937022709760,7400,15792
819,819,768909767477751808,3070,0
820,820,768855141948723200,1016,4598
821,821,768609597686943744,1362,4518
822,822,768596291618299904,1443,5515
823,823,768554158521745409,6574,0
824,824,768473857036525572,3874,14887
825,825,768193404517830656,4001,11955
826,826,767884188863397888,1593,5216
827,827,767754930266464257,6095,17551
828,828,767500508068192258,2639,8181
829,829,767191397493538821,4309,13451
830,830,767122157629476866,3209,11075
831,831,766864461642756096,6394,0
832,832,766793450729734144,1539,5572
833,833,766714921925144576,430,2838
834,834,766693177336135680,896,4425
835,835,766423258543644672,1793,6588
836,836,766313316352462849,2124,7409
837,837,766078092750233600,2921,0
838,838,766069199026450432,988,4690
839,839,766008592277377025,562,4088
840,840,765719909049503744,2429,7907
841,841,765669560888528897,1379,5673
842,842,765395769549590528,3812,28634
843,843,765371061932261376,2427,7743
844,844,765222098633691136,3825,12713
845,845,764857477905154048,1990,7006
846,846,764259802650378240,1713,6624
847,847,763956972077010945,61,801
848,848,763837565564780549,4722,13826
849,849,763183847194451968,1671,5932
850,850,763167063695355904,3417,0
851,851,763103485927849985,2557,8035
852,852,762699858130116608,4104,13331
853,853,762471784394268675,7391,12366
854,854,762464539388485633,4751,11340
855,855,762316489655476224,1271,5276
856,856,762035686371364864,17592,34949
857,857,761976711479193600,2274,5907
858,858,761750502866649088,4447,0
859,859,761745352076779520,963,4660
860,860,761672994376806400,32755,54128
861,861,761599872357261312,1316,4510
862,862,761371037149827077,20168,0
863,863,761334018830917632,1631,5705
864,864,761292947749015552,1241,4893
865,865,761227390836215808,1744,5827
866,866,761004547850530816,3888,12308
867,867,760893934457552897,1089,4180
868,868,760656994973933572,2165,7230
869,869,760641137271070720,1451,5407
870,870,760539183865880579,4083,8277
871,871,760521673607086080,1579,4625
872,872,760290219849637889,12898,29219
873,873,760252756032651264,977,4298
874,874,760190180481531904,2033,6240
875,875,760153949710192640,37,0
876,876,759943073749200896,2342,6491
877,877,759923798737051648,6394,16048
878,878,759846353224826880,2224,7335
879,879,759793422261743616,2143,6515
880,880,759566828574212096,23876,0
881,881,759557299618865152,1320,5134
882,882,759447681597108224,2766,9294
883,883,759446261539934208,553,1828
884,884,759197388317847553,2184,6625
885,885,759159934323924993,1328,0
886,886,759099523532779520,4723,15848
887,887,759047813560868866,2260,7125
888,888,758854675097526272,1007,3867
889,889,758828659922702336,4303,12211
890,890,758740312047005698,1797,6258
891,891,758474966123810816,1112,4159
892,892,758467244762497024,2494,5243
893,893,758405701903519748,2162,5674
894,894,758355060040593408,1218,3743
895,895,758099635764359168,11324,20982
896,896,758041019896193024,427,2959
897,897,757741869644341248,3643,7513
898,898,757729163776290825,9150,0
899,899,757725642876129280,1367,4954
900,900,757611664640446465,1248,4969
901,901,757597904299253760,326,0
902,902,757596066325864448,1186,4747
903,903,757400162377592832,7638,16508
904,904,757393109802180609,1967,6360
905,905,757354760399941633,1595,4929
906,906,756998049151549440,2229,6832
907,907,756939218950160384,2252,7242
908,908,756651752796094464,1485,5535
909,909,756526248105566208,4086,11345
910,910,756303284449767430,1206,4310
911,911,756288534030475264,14763,28053
912,912,756275833623502848,1715,7016
913,913,755955933503782912,3232,7979
914,914,755206590534418437,6032,17952
915,915,755110668769038337,12411,23120
916,916,754874841593970688,9021,0
917,917,754856583969079297,2831,7496
918,918,754747087846248448,584,2813
919,919,754482103782404096,2184,5781
920,920,754449512966619136,824,4093
921,921,754120377874386944,2613,8541
922,922,754011816964026368,4028,9589
923,923,753655901052166144,2444,6365
924,924,753420520834629632,4000,8606
925,925,753398408988139520,2147,6303
926,926,753375668877008896,2608,8287
927,927,753298634498793472,6496,0
928,928,753294487569522689,1163,3708
929,929,753039830821511168,23532,40465
930,930,753026973505581056,1093,4224
931,931,752932432744185856,7639,13764
932,932,752917284578922496,1754,7474
933,933,752701944171524096,3237,0
934,934,752682090207055872,1804,6547
935,935,752660715232722944,1758,4811
936,936,752568224206688256,2555,6054
937,937,752519690950500352,3847,8038
938,938,752334515931054080,1240,4159
939,939,752309394570878976,18697,0
940,940,752173152931807232,2071,6476
941,941,751950017322246144,1041,3358
942,942,751937170840121344,1499,5690
943,943,751830394383790080,2186,6327
944,944,751793661361422336,3262,6383
945,945,751598357617971201,3379,8578
946,946,751583847268179968,1247,4797
947,947,751538714308972544,1417,5474
948,948,751456908746354688,1111,3484
949,949,751251247299190784,6562,13597
950,950,751205363882532864,2044,6857
951,951,751132876104687617,1457,5543
952,952,750868782890057730,1562,5232
953,953,750719632563142656,5636,14404
954,954,750506206503038976,1285,4853
955,955,750429297815552001,4840,14353
956,956,750383411068534784,1277,4941
957,957,750381685133418496,34,747
958,958,750147208377409536,1079,3364
959,959,750132105863102464,1412,3942
960,960,750117059602808832,1442,4686
961,961,750101899009982464,940,3306
962,962,750086836815486976,608,2357
963,963,750071704093859840,3734,8532
964,964,750056684286914561,991,3395
965,965,750041628174217216,689,3452
966,966,750026558547456000,876,2952
967,967,750011400160841729,1015,3524
968,968,749996283729883136,900,3288
969,969,749981277374128128,2737,5551
970,970,749774190421639168,1475,5052
971,971,749417653287129088,1874,6630
972,972,749403093750648834,610,2851
973,973,749395845976588288,3882,9354
974,974,749317047558017024,2464,5967
975,975,749075273010798592,2312,6259
976,976,749064354620928000,1688,5211
977,977,749036806121881602,875,3373
978,978,748977405889503236,3820,11689
979,979,748932637671223296,2512,6363
980,980,748705597323898880,1050,3004
981,981,748699167502000129,1789,5141
982,982,748692773788876800,1477,4595
983,983,748575535303884801,2225,6591
984,984,748568946752774144,754,2377
985,985,748346686624440324,1386,5660
986,986,748337862848962560,4617,8336
987,987,748324050481647620,855,4026
988,988,748307329658011649,799,3985
989,989,748220828303695873,8692,15315
990,990,747963614829678593,2405,6291
991,991,747933425676525569,2847,7196
992,992,747885874273214464,1102,3198
993,993,747844099428986880,833,3041
994,994,747816857231626240,1296,5273
995,995,747651430853525504,175,1496
996,996,747648653817413632,6507,13993
997,997,747600769478692864,609,2519
998,998,747594051852075008,1188,3999
999,999,747512671126323200,1770,6027
1000,1000,747461612269887489,1160,4204
1001,1001,747439450712596480,2154,5899
1002,1002,747242308580548608,3209,0
1003,1003,747219827526344708,1760,5718
1004,1004,747204161125646336,1023,3674
1005,1005,747103485104099331,4475,10405
1006,1006,746906459439529985,331,3125
1007,1007,746872823977771008,2393,6493
1008,1008,746818907684614144,1913,5732
1009,1009,746790600704425984,1784,5280
1010,1010,746757706116112384,4350,10350
1011,1011,746726898085036033,2000,6543
1012,1012,746542875601690625,2072,5452
1013,1013,746521445350707200,1093,0
1014,1014,746507379341139972,1210,5029
1015,1015,746369468511756288,1831,6550
1016,1016,746131877086527488,2457,7458
1017,1017,746056683365994496,917,3846
1018,1018,745789745784041472,1187,4369
1019,1019,745712589599014916,2594,7548
1020,1020,745433870967832576,2836,7700
1021,1021,745422732645535745,2726,9279
1022,1022,745314880350101504,3081,7738
1023,1023,745074613265149952,3915,8468
1024,1024,745057283344719872,2548,7825
1025,1025,744995568523612160,701,3233
1026,1026,744971049620602880,2987,8521
1027,1027,744709971296780288,1730,6053
1028,1028,744334592493166593,2381,7315
1029,1029,744234799360020481,78204,129260
1030,1030,744223424764059648,416,1838
1031,1031,743980027717509120,1211,4487
1032,1032,743895849529389061,1065,3938
1033,1033,743835915802583040,2339,0
1034,1034,743609206067040256,1531,4851
1035,1035,743595368194129920,7306,19974
1036,1036,743545585370791937,1047,3814
1037,1037,743510151680958465,4111,8536
1038,1038,743253157753532416,1344,4559
1039,1039,743222593470234624,2124,6691
1040,1040,743210557239623680,1519,4146
1041,1041,742534281772302336,3949,7615
1042,1042,742528092657332225,2207,4811
1043,1043,742465774154047488,4308,7836
1044,1044,742423170473463808,4240,10665
1045,1045,742385895052087300,2223,7357
1046,1046,742161199639494656,1525,4686
1047,1047,742150209887731712,1741,5570
1048,1048,741793263812808706,1674,4910
1049,1049,741743634094141440,3083,8829
1050,1050,741438259667034112,927,3965
1051,1051,741303864243200000,3588,9497
1052,1052,741099773336379392,6142,10826
1053,1053,741067306818797568,3439,10198
1054,1054,740995100998766593,3091,6915
1055,1055,740711788199743490,1042,3687
1056,1056,740699697422163968,867,3065
1057,1057,740676976021798912,7550,19598
1058,1058,740373189193256964,14798,37484
1059,1059,740365076218183684,483,2681
1060,1060,740359016048689152,946,3565
1061,1061,740214038584557568,2182,7213
1062,1062,739979191639244800,6574,21562
1063,1063,739932936087216128,1193,4384
1064,1064,739844404073074688,942,4085
1065,1065,739623569819336705,1519,4116
1066,1066,739606147276148736,1844,5827
1067,1067,739544079319588864,23876,43038
1068,1068,739485634323156992,3260,7767
1069,1069,739238157791694849,51481,73995
1070,1070,738891149612572673,6,115
1071,1071,738885046782832640,1261,4067
1072,1072,738883359779196928,901,3617
1073,1073,738537504001953792,1733,5497
1074,1074,738402415918125056,940,3538
1075,1075,738184450748633089,1337,4659
1076,1076,738166403467907072,3780,9487
1077,1077,738156290900254721,737,2733
1078,1078,737826014890496000,1967,5671
1079,1079,737800304142471168,3836,10786
1080,1080,737678689543020544,1484,5445
1081,1081,737445876994609152,4962,11138
1082,1082,737322739594330112,890,3894
1083,1083,737310737551491075,8213,15827
1084,1084,736736130620620800,1940,4656
1085,1085,736392552031657984,8242,19167
1086,1086,736365877722001409,1383,4318
1087,1087,736225175608430592,3061,8756
1088,1088,736010884653420544,3292,8537
1089,1089,735991953473572864,1270,3883
1090,1090,735648611367784448,1212,4332
1091,1091,735635087207878657,2614,6680
1092,1092,735274964362878976,4628,9476
1093,1093,735256018284875776,974,3624
1094,1094,735137028879360001,1074,3369
1095,1095,734912297295085568,568,2948
1096,1096,734787690684657664,6989,13533
1097,1097,734776360183431168,602,2702
1098,1098,734559631394082816,441,1621
1099,1099,733828123016450049,862,3869
1100,1100,733822306246479872,1125,3965
1101,1101,733482008106668032,1050,3385
1102,1102,733460102733135873,1424,4536
1103,1103,733109485275860992,17272,43960
1104,1104,732732193018155009,591,2632
1105,1105,732726085725589504,980,3804
1106,1106,732585889486888962,852,3968
1107,1107,732375214819057664,2787,8714
1108,1108,732005617171337216,6047,16086
1109,1109,731285275100512256,1078,3751
1110,1110,731156023742988288,1407,4130
1111,1111,730924654643314689,2194,6594
1112,1112,730573383004487680,2389,5310
1113,1113,730427201120833536,1158,3742
1114,1114,730211855403241472,1157,4118
1115,1115,730196704625098752,2131,5265
1116,1116,729854734790754305,1239,4332
1117,1117,729838605770891264,422,1835
1118,1118,729823566028484608,1372,4299
1119,1119,729463711119904772,2544,6251
1120,1120,729113531270991872,363,2030
1121,1121,728986383096946689,900,3415
1122,1122,728760639972315136,1875,5017
1123,1123,728751179681943552,744,3006
1124,1124,728653952833728512,1153,3567
1125,1125,728409960103686147,2226,5296
1126,1126,728387165835677696,1056,3947
1127,1127,728046963732717569,1296,4642
1128,1128,728035342121635841,1845,4887
1129,1129,728015554473250816,1207,4415
1130,1130,727685679342333952,699,3157
1131,1131,727644517743104000,1928,6343
1132,1132,727524757080539137,1357,4820
1133,1133,727314416056803329,826,3567
1134,1134,727286334147182592,908,3273
1135,1135,727175381690781696,1512,4154
1136,1136,727155742655025152,1471,3918
1137,1137,726935089318363137,2706,7399
1138,1138,726887082820554753,1661,4129
1139,1139,726828223124897792,1113,3821
1140,1140,726224900189511680,1277,4740
1141,1141,725842289046749185,2921,7589
1142,1142,725786712245440512,1498,4467
1143,1143,725729321944506368,1966,5571
1144,1144,725458796924002305,690,1513
1145,1145,724983749226668032,1436,3979
1146,1146,724771698126512129,710,2554
1147,1147,724405726123311104,1819,5709
1148,1148,724049859469295616,1953,4662
1149,1149,724046343203856385,610,2862
1150,1150,724004602748780546,1756,4494
1151,1151,723912936180330496,1353,4177
1152,1152,723688335806480385,3285,8303
1153,1153,723673163800948736,987,3243
1154,1154,723179728551723008,2071,5692
1155,1155,722974582966214656,1730,4423
1156,1156,722613351520608256,1805,5319
1157,1157,721503162398597120,2087,5011
1158,1158,721001180231503872,681,2714
1159,1159,720785406564900865,849,3350
1160,1160,720775346191278080,747,2664
1161,1161,720415127506415616,1648,4433
1162,1162,720389942216527872,2784,6883
1163,1163,720340705894408192,1079,3080
1164,1164,720059472081784833,1249,4173
1165,1165,720043174954147842,2210,5265
1166,1166,719991154352222208,1939,5199
1167,1167,719704490224398336,1604,4895
1168,1168,719551379208073216,2139,5432
1169,1169,719367763014393856,814,2984
1170,1170,719339463458033665,1375,4737
1171,1171,719332531645071360,1052,3665
1172,1172,718971898235854848,1213,3758
1173,1173,718939241951195136,1938,5634
1174,1174,718631497683582976,8932,20389
1175,1175,718613305783398402,531,2628
1176,1176,718540630683709445,1118,2676
1177,1177,718460005985447936,589,2901
1178,1178,718454725339934721,1659,5231
1179,1179,718246886998687744,558,2075
1180,1180,718234618122661888,1107,4149
1181,1181,717841801130979328,658,2628
1182,1182,717790033953034240,1250,3120
1183,1183,717537687239008257,2033,6184
1184,1184,717428917016076293,503,1718
1185,1185,717421804990701568,932,3390
1186,1186,717047459982213120,2103,6735
1187,1187,717009362452090881,1085,3516
1188,1188,716802964044845056,1296,4582
1189,1189,716791146589110272,1459,5149
1190,1190,716730379797970944,468,1320
1191,1191,716447146686459905,6496,14107
1192,1192,716439118184652801,243,2536
1193,1193,716285507865542656,1202,2994
1194,1194,716080869887381504,1923,5247
1195,1195,715928423106027520,973,3439
1196,1196,715758151270801409,1572,4019
1197,1197,715733265223708672,1879,5014
1198,1198,715704790270025728,623,3010
1199,1199,715696743237730304,1428,4195
1200,1200,715680795826982913,1790,4649
1201,1201,715360349751484417,1740,5873
1202,1202,715342466308784130,759,3246
1203,1203,715220193576927233,727,2588
1204,1204,715200624753819648,2080,5499
1205,1205,715009755312439296,1373,4480
1206,1206,714982300363173890,1140,4029
1207,1207,714962719905021952,4731,7906
1208,1208,714957620017307648,1566,4445
1209,1209,714631576617938945,1106,3506
1210,1210,714606013974974464,1027,3885
1211,1211,714485234495041536,1286,2918
1212,1212,714258258790387713,796,3233
1213,1213,714251586676113411,932,3507
1214,1214,714214115368108032,972,2441
1215,1215,714141408463036416,1544,4612
1216,1216,713919462244790272,856,3504
1217,1217,713909862279876608,602,2044
1218,1218,713900603437621249,822,3023
1219,1219,713761197720473600,1522,5232
1220,1220,713411074226274305,1423,4727
1221,1221,713177543487135744,3130,7743
1222,1222,713175907180089344,1605,4798
1223,1223,712809025985978368,7453,20047
1224,1224,712717840512598017,5510,13299
1225,1225,712668654853337088,1347,4473
1226,1226,712438159032893441,1723,5719
1227,1227,712309440758808576,26,267
1228,1228,712097430750289920,1157,4086
1229,1229,712092745624633345,1001,3168
1230,1230,712085617388212225,546,3481
1231,1231,712065007010385924,694,2421
1232,1232,711998809858043904,137,0
1233,1233,711968124745228288,2554,8648
1234,1234,711743778164514816,1089,3055
1235,1235,711732680602345472,4564,9599
1236,1236,711694788429553666,20168,35342
1237,1237,711652651650457602,1020,4167
1238,1238,711363825979756544,1266,3932
1239,1239,711306686208872448,806,3548
1240,1240,711008018775851008,694,3222
1241,1241,710997087345876993,1542,4897
1242,1242,710844581445812225,763,2741
1243,1243,710833117892898816,593,2895
1244,1244,710658690886586372,627,2481
1245,1245,710609963652087808,2589,5160
1246,1246,710588934686908417,2074,4904
1247,1247,710296729921429505,817,2542
1248,1248,710283270106132480,570,2281
1249,1249,710272297844797440,1397,4864
1250,1250,710269109699739648,1236,2578
1251,1251,710153181850935296,986,3118
1252,1252,710140971284037632,986,2980
1253,1253,710117014656950272,2206,5918
1254,1254,709918798883774466,1189,3204
1255,1255,709901256215666688,109,723
1256,1256,709852847387627521,1317,3773
1257,1257,709566166965075968,1344,3796
1258,1258,709556954897764353,1183,3535
1259,1259,709519240576036864,269,1595
1260,1260,709449600415961088,654,2394
1261,1261,709409458133323776,769,2820
1262,1262,709225125749587968,636,2580
1263,1263,709207347839836162,6453,13569
1264,1264,709198395643068416,707,2596
1265,1265,709179584944730112,750,2179
1266,1266,709158332880297985,461,2204
1267,1267,709042156699303936,1829,5136
1268,1268,708853462201716736,727,1922
1269,1269,708845821941387268,992,3184
1270,1270,708834316713893888,555,1826
1271,1271,708810915978854401,7696,17775
1272,1272,708738143638450176,898,2951
1273,1273,708711088997666817,810,2743
1274,1274,708479650088034305,754,2730
1275,1275,708469915515297792,907,3311
1276,1276,708400866336894977,11160,17258
1277,1277,708356463048204288,1500,3888
1278,1278,708349470027751425,816,2515
1279,1279,708149363256774660,1701,4587
1280,1280,708130923141795840,928,3649
1281,1281,708119489313951744,1083,2893
1282,1282,708109389455101952,600,2083
1283,1283,708026248782585858,2131,4702
1284,1284,707995814724026368,1248,3338
1285,1285,707983188426153984,2,51
1286,1286,707969809498152960,1078,2903
1287,1287,707776935007539200,1054,3529
1288,1288,707741517457260545,683,2683
1289,1289,707738799544082433,2736,4416
1290,1290,707693576495472641,1106,3692
1291,1291,707629649552134146,973,2783
1292,1292,707610948723478529,7112,18304
1293,1293,707420581654872064,774,2455
1294,1294,707411934438625280,666,2447
1295,1295,707387676719185920,1457,3776
1296,1296,707377100785885184,1189,3542
1297,1297,707315916783140866,713,2660
1298,1298,707059547140169728,749,2763
1299,1299,707038192327901184,889,2368
1300,1300,707021089608753152,1523,4373
1301,1301,707014260413456384,655,2473
1302,1302,706904523814649856,8682,15700
1303,1303,706901761596989440,668,2225
1304,1304,706681918348251136,1077,3570
1305,1305,706644897839910912,1211,2777
1306,1306,706593038911545345,701,2324
1307,1307,706538006853918722,1559,3721
1308,1308,706516534877929472,1137,3346
1309,1309,706346369204748288,1023,3712
1310,1310,706310011488698368,8854,23109
1311,1311,706291001778950144,515,1831
1312,1312,706265994973601792,1014,2936
1313,1313,706169069255446529,2466,4223
1314,1314,706166467411222528,1786,5535
1315,1315,706153300320784384,425,1611
1316,1316,705975130514706432,825,3345
1317,1317,705970349788291072,995,3387
1318,1318,705898680587526145,627,2556
1319,1319,705786532653883392,586,2097
1320,1320,705591895322394625,1286,3421
1321,1321,705475953783398401,1026,3197
1322,1322,705442520700944385,1831,4802
1323,1323,705428427625635840,1897,4120
1324,1324,705239209544720384,835,3231
1325,1325,705223444686888960,886,2782
1326,1326,705102439679201280,573,2321
1327,1327,705066031337840642,671,2340
1328,1328,704871453724954624,1235,4539
1329,1329,704859558691414016,602,2429
1330,1330,704847917308362754,1702,5518
1331,1331,704819833553219584,1117,2854
1332,1332,704761120771465216,3209,7161
1333,1333,704499785726889984,1107,3170
1334,1334,704491224099647488,95,826
1335,1335,704480331685040129,1176,3665
1336,1336,704364645503647744,3934,8669
1337,1337,704347321748819968,386,1702
1338,1338,704134088924532736,512,1629
1339,1339,704113298707505153,620,2000
1340,1340,704054845121142784,1013,3158
1341,1341,703774238772166656,517,1991
1342,1342,703769065844768768,1254,3560
1343,1343,703631701117943808,761,2803
1344,1344,703611486317502464,1686,4166
1345,1345,703425003149250560,1533,4101
1346,1346,703407252292673536,767,2656
1347,1347,703382836347330562,1267,3779
1348,1348,703356393781329922,426,2054
1349,1349,703268521220972544,612,2119
1350,1350,703079050210877440,3424,7955
1351,1351,703041949650034688,13918,28543
1352,1352,702932127499816960,804,2783
1353,1353,702899151802126337,501,1744
1354,1354,702684942141153280,1197,3471
1355,1355,702671118226825216,621,2364
1356,1356,702598099714314240,3645,11166
1357,1357,702539513671897089,1068,3094
1358,1358,702332542343577600,1718,3454
1359,1359,702321140488925184,1141,3553
1360,1360,702276748847800320,845,2663
1361,1361,702217446468493312,1489,5190
1362,1362,701981390485725185,1093,3707
1363,1363,701952816642965504,1130,4115
1364,1364,701889187134500865,1526,3849
1365,1365,701805642395348998,1871,3700
1366,1366,701601587219795968,514,2252
1367,1367,701570477911896070,1037,3040
1368,1368,701545186879471618,671,2862
1369,1369,701214700881756160,5698,13260
1370,1370,700890391244103680,640,2402
1371,1371,700864154249383937,676,2794
1372,1372,700847567345688576,552,2615
1373,1373,700796979434098688,1065,2632
1374,1374,700747788515020802,10425,24734
1375,1375,700518061187723268,890,2841
1376,1376,700505138482569216,633,2453
1377,1377,700462010979500032,2003,4480
1378,1378,700167517596164096,824,2860
1379,1379,700151421916807169,738,2423
1380,1380,700143752053182464,3070,8153
1381,1381,700062718104104960,768,2842
1382,1382,700029284593901568,647,2231
1383,1383,700002074055016451,1500,3574
1384,1384,699801817392291840,1074,3298
1385,1385,699788877217865730,546,2433
1386,1386,699779630832685056,1375,2994
1387,1387,699775878809702401,673,2110
1388,1388,699691744225525762,5088,11079
1389,1389,699446877801091073,2895,6402
1390,1390,699434518667751424,568,2352
1391,1391,699423671849451520,371,1478
1392,1392,699413908797464576,682,2221
1393,1393,699370870310113280,489,2030
1394,1394,699323444782047232,966,3409
1395,1395,699088579889332224,700,2416
1396,1396,699079609774645248,729,2635
1397,1397,699072405256409088,1307,3234
1398,1398,699060279947165696,2020,4088
1399,1399,699036661657767936,1321,2823
1400,1400,698989035503689728,1090,3660
1401,1401,698953797952008193,1000,2921
1402,1402,698907974262222848,687,2744
1403,1403,698710712454139905,760,2671
1404,1404,698703483621523456,421,1571
1405,1405,698635131305795584,378,1379
1406,1406,698549713696649216,689,2500
1407,1407,698355670425473025,502,2011
1408,1408,698342080612007937,1056,2449
1409,1409,698262614669991936,2241,5122
1410,1410,698195409219559425,6637,18151
1411,1411,698178924120031232,815,3038
1412,1412,697995514407682048,366,1640
1413,1413,697990423684476929,1432,3548
1414,1414,697943111201378304,764,2594
1415,1415,697881462549430272,1318,3259
1416,1416,697630435728322560,601,1883
1417,1417,697616773278015490,1123,3409
1418,1418,697596423848730625,1403,3267
1419,1419,697575480820686848,561,2210
1420,1420,697516214579523584,1258,2242
1421,1421,697482927769255936,754,2616
1422,1422,697463031882764288,1535,3693
1423,1423,697270446429966336,2062,5042
1424,1424,697259378236399616,1113,3552
1425,1425,697255105972801536,1293,3260
1426,1426,697242256848379904,737,2709
1427,1427,696900204696625153,1136,3452
1428,1428,696894894812565505,749,2544
1429,1429,696886256886657024,1985,5228
1430,1430,696877980375769088,791,2644
1431,1431,696754882863349760,392,1586
1432,1432,696744641916489729,1057,2258
1433,1433,696713835009417216,734,2571
1434,1434,696518437233913856,1863,4209
1435,1435,696490539101908992,167,1319
1436,1436,696488710901260288,1146,2750
1437,1437,696405997980676096,1265,3473
1438,1438,696100768806522880,737,2093
1439,1439,695816827381944320,1300,3239
1440,1440,695794761660297217,865,3439
1441,1441,695767669421768709,835,2021
1442,1442,695629776980148225,2340,4944
1443,1443,695446424020918272,2000,4710
1444,1444,695409464418041856,3957,9310
1445,1445,695314793360662529,1644,3942
1446,1446,695095422348574720,676,2839
1447,1447,695074328191332352,1225,3068
1448,1448,695064344191721472,671,1741
1449,1449,695051054296211456,877,2872
1450,1450,694925794720792577,1017,2913
1451,1451,694905863685980160,1042,2999
1452,1452,694669722378485760,15957,37870
1453,1453,694356675654983680,323,1629
1454,1454,694352839993344000,691,2205
1455,1455,694342028726001664,547,1699
1456,1456,694329668942569472,554,2168
1457,1457,694206574471057408,2267,4525
1458,1458,694183373896572928,1031,3183
1459,1459,694001791655137281,1161,3646
1460,1460,693993230313091072,449,2024
1461,1461,693942351086120961,409,1864
1462,1462,693647888581312512,660,2915
1463,1463,693644216740769793,143,1448
1464,1464,693642232151285760,462,2745
1465,1465,693629975228977152,883,2647
1466,1466,693622659251335168,412,1662
1467,1467,693590843962331137,2187,5481
1468,1468,693582294167244802,287,1780
1469,1469,693486665285931008,686,1908
1470,1470,693280720173801472,1384,3621
1471,1471,693267061318012928,909,2570
1472,1472,693262851218264065,561,2411
1473,1473,693231807727280129,821,3079
1474,1474,693155686491000832,3564,8532
1475,1475,693109034023534592,681,1857
1476,1476,693095443459342336,515,2022
1477,1477,692919143163629568,827,2886
1478,1478,692905862751522816,980,2635
1479,1479,692901601640583168,671,1937
1480,1480,692894228850999298,896,2469
1481,1481,692828166163931137,980,3103
1482,1482,692752401762250755,4050,7389
1483,1483,692568918515392513,1710,4670
1484,1484,692535307825213440,1504,3451
1485,1485,692530551048294401,468,1990
1486,1486,692423280028966913,259,1593
1487,1487,692417313023332352,3848,10127
1488,1488,692187005137076224,913,2718
1489,1489,692158366030913536,886,2324
1490,1490,692142790915014657,434,1766
1491,1491,692041934689402880,1411,3668
1492,1492,692017291282812928,1064,3095
1493,1493,691820333922455552,1829,4259
1494,1494,691793053716221953,4660,8798
1495,1495,691756958957883396,1146,3125
1496,1496,691675652215414786,567,2087
1497,1497,691483041324204033,644,2562
1498,1498,691459709405118465,1280,4389
1499,1499,691444869282295808,941,2859
1500,1500,691416866452082688,8509,20930
1501,1501,691321916024623104,736,2789
1502,1502,691096613310316544,1007,3207
1503,1503,691090071332753408,379,1839
1504,1504,690989312272396288,3213,6409
1505,1505,690959652130045952,1400,3860
1506,1506,690938899477221376,2215,4472
1507,1507,690932576555528194,1130,3559
1508,1508,690735892932222976,1427,4071
1509,1509,690728923253055490,581,2339
1510,1510,690690673629138944,882,2504
1511,1511,690649993829576704,316,1412
1512,1512,690607260360429569,19,313
1513,1513,690597161306841088,671,2126
1514,1514,690400367696297985,500,2015
1515,1515,690374419777196032,964,3506
1516,1516,690360449368465409,994,2878
1517,1517,690348396616552449,561,1618
1518,1518,690248561355657216,461,1818
1519,1519,690021994562220032,1156,3015
1520,1520,690015576308211712,820,2701
1521,1521,690005060500217858,1877,3947
1522,1522,689999384604450816,418,1537
1523,1523,689993469801164801,509,1589
1524,1524,689977555533848577,492,1472
1525,1525,689905486972461056,772,2612
1526,1526,689877686181715968,1320,3255
1527,1527,689835978131935233,841,2337
1528,1528,689661964914655233,1029,3451
1529,1529,689659372465688576,4322,11242
1530,1530,689623661272240129,729,2421
1531,1531,689599056876867584,6141,12589
1532,1532,689557536375177216,511,2224
1533,1533,689517482558820352,1587,3671
1534,1534,689283819090870273,1230,3559
1535,1535,689280876073582592,803,2159
1536,1536,689275259254616065,278,1251
1537,1537,689255633275777024,1196,2777
1538,1538,689154315265683456,1114,3309
1539,1539,689143371370250240,576,2195
1540,1540,688916208532455424,967,2949
1541,1541,688908934925697024,859,2280
1542,1542,688898160958271489,878,2271
1543,1543,688894073864884227,781,2417
1544,1544,688828561667567616,414,1481
1545,1545,688804835492233216,222,1030
1546,1546,688789766343622656,736,2388
1547,1547,688547210804498433,777,2820
1548,1548,688519176466644993,810,2483
1549,1549,688385280030670848,4950,10057
1550,1550,688211956440801280,932,2398
1551,1551,688179443353796608,658,2284
1552,1552,688116655151435777,874,3050
1553,1553,688064179421470721,401,1853
1554,1554,687841446767013888,2823,5917
1555,1555,687826841265172480,1263,2947
1556,1556,687818504314159109,1066,2712
1557,1557,687807801670897665,781,2588
1558,1558,687732144991551489,734,1905
1559,1559,687704180304273409,938,2630
1560,1560,687664829264453632,570,2095
1561,1561,687494652870668288,642,2071
1562,1562,687480748861947905,279,1727
1563,1563,687476254459715584,605,2145
1564,1564,687460506001633280,604,2203
1565,1565,687399393394311168,695,2045
1566,1566,687317306314240000,10211,21759
1567,1567,687312378585812992,2117,4703
1568,1568,687127927494963200,2546,5915
1569,1569,687124485711986689,564,2337
1570,1570,687109925361856513,2757,6276
1571,1571,687102708889812993,1102,2525
1572,1572,687096057537363968,682,2419
1573,1573,686947101016735744,3528,9294
1574,1574,686760001961103360,1530,3799
1575,1575,686749460672679938,1639,3762
1576,1576,686730991906516992,1330,4492
1577,1577,686683045143953408,894,3024
1578,1578,686618349602762752,1520,3984
1579,1579,686606069955735556,601,2034
1580,1580,686394059078897668,759,1898
1581,1581,686386521809772549,987,3505
1582,1582,686377065986265092,630,2393
1583,1583,686358356425093120,759,2371
1584,1584,686286779679375361,1858,4329
1585,1585,686050296934563840,828,2382
1586,1586,686035780142297088,135,1255
1587,1587,686034024800862208,1309,3367
1588,1588,686007916130873345,467,2671
1589,1589,686003207160610816,718,1971
1590,1590,685973236358713344,601,2285
1591,1591,685943807276412928,684,1773
1592,1592,685906723014619143,3248,8143
1593,1593,685681090388975616,140,2193
1594,1594,685667379192414208,648,2527
1595,1595,685663452032069632,1627,3508
1596,1596,685641971164143616,867,3162
1597,1597,685547936038666240,17458,35660
1598,1598,685532292383666176,1283,3285
1599,1599,685325112850124800,4447,10290
1600,1600,685321586178670592,724,2866
1601,1601,685315239903100929,1211,3613
1602,1602,685307451701334016,490,2230
1603,1603,685268753634967552,1344,3361
1604,1604,685198997565345792,747,2510
1605,1605,685169283572338688,1595,4426
1606,1606,684969860808454144,430,2474
1607,1607,684959798585110529,3493,7200
1608,1608,684940049151070208,1163,3474
1609,1609,684926975086034944,538,3791
1610,1610,684914660081053696,1633,3785
1611,1611,684902183876321280,598,2021
1612,1612,684880619965411328,922,2267
1613,1613,684830982659280897,24063,37952
1614,1614,684800227459624960,1101,2931
1615,1615,684594889858887680,3950,9687
1616,1616,684588130326986752,1572,4446
1617,1617,684567543613382656,1389,3262
1618,1618,684538444857667585,1072,2875
1619,1619,684481074559381504,1302,4179
1620,1620,684460069371654144,618,2135
1621,1621,684241637099323392,3668,8846
1622,1622,684225744407494656,236,1340
1623,1623,684222868335505415,1536,4159
1624,1624,684200372118904832,1149,2350
1625,1625,684195085588783105,585,2066
1626,1626,684188786104872960,1317,3762
1627,1627,684177701129875456,749,2178
1628,1628,684147889187209216,1664,3214
1629,1629,684122891630342144,532,2142
1630,1630,684097758874210310,1600,4447
1631,1631,683857920510050305,1239,4102
1632,1632,683852578183077888,394,2081
1633,1633,683849932751646720,1097,2834
1634,1634,683834909291606017,1241,2832
1635,1635,683828599284170753,1171,3009
1636,1636,683773439333797890,1506,3620
1637,1637,683742671509258241,3719,7052
1638,1638,683515932363329536,3237,7955
1639,1639,683498322573824003,1070,3411
1640,1640,683481228088049664,1099,2839
1641,1641,683462770029932544,750,2634
1642,1642,683449695444799489,1794,4211
1643,1643,683391852557561860,2653,8219
1644,1644,683357973142474752,1048,3184
1645,1645,683142553609318400,1159,3103
1646,1646,683111407806746624,1021,3679
1647,1647,683098815881154561,724,2330
1648,1648,683078886620553216,623,2138
1649,1649,683030066213818368,810,2328
1650,1650,682962037429899265,18668,40073
1651,1651,682808988178739200,206,1911
1652,1652,682788441537560576,1244,2661
1653,1653,682750546109968385,484,1639
1654,1654,682697186228989953,396,1411
1655,1655,682662431982772225,1190,3291
1656,1656,682638830361513985,669,2221
1657,1657,682429480204398592,1291,3708
1658,1658,682406705142087680,1975,8190
1659,1659,682393905736888321,757,2395
1660,1660,682389078323662849,515,1798
1661,1661,682303737705140231,1114,3333
1662,1662,682259524040966145,1359,4507
1663,1663,682242692827447297,1322,3513
1664,1664,682088079302213632,11055,19821
1665,1665,682059653698686977,1885,5364
1666,1666,682047327939461121,1075,3471
1667,1667,682032003584274432,2250,7114
1668,1668,682003177596559360,1699,3397
1669,1669,681981167097122816,1144,2991
1670,1670,681891461017812993,937,2656
1671,1671,681694085539872773,4495,13786
1672,1672,681679526984871937,494,1886
1673,1673,681654059175129088,1028,2856
1674,1674,681610798867845120,523,2065
1675,1675,681579835668455424,1459,3830
1676,1676,681523177663676416,6496,15488
1677,1677,681340665377193984,309,1772
1678,1678,681339448655802368,4524,10041
1679,1679,681320187870711809,848,2880
1680,1680,681302363064414209,2038,4262
1681,1681,681297372102656000,1070,3433
1682,1682,681281657291280384,1234,3470
1683,1683,681261549936340994,303,1566
1684,1684,681242418453299201,609,1609
1685,1685,681231109724700672,534,2580
1686,1686,681193455364796417,1657,4009
1687,1687,680970795137544192,736,2623
1688,1688,680959110691590145,2213,4917
1689,1689,680940246314430465,1192,3477
1690,1690,680934982542561280,489,2241
1691,1691,680913438424612864,694,2577
1692,1692,680889648562991104,410,1911
1693,1693,680836378243002368,1489,3718
1694,1694,680805554198020098,740,2336
1695,1695,680801747103793152,913,2561
1696,1696,680798457301471234,1164,3083
1697,1697,680609293079592961,796,2848
1698,1698,680583894916304897,1490,3888
1699,1699,680497766108381184,2136,4578
1700,1700,680494726643068929,535,1849
1701,1701,680473011644985345,832,2733
1702,1702,680440374763077632,555,1558
1703,1703,680221482581123072,324,1569
1704,1704,680206703334408192,1304,3061
1705,1705,680191257256136705,569,2309
1706,1706,680176173301628928,1736,4202
1707,1707,680161097740095489,814,2494
1708,1708,680145970311643136,1941,3895
1709,1709,680130881361686529,1059,2480
1710,1710,680115823365742593,1014,2927
1711,1711,680100725817409536,1519,3833
1712,1712,680085611152338944,9867,13777
1713,1713,680070545539371008,972,2772
1714,1714,680055455951884288,7927,18008
1715,1715,679877062409191424,714,2125
1716,1716,679872969355714560,736,2331
1717,1717,679862121895714818,688,2642
1718,1718,679854723806179328,1374,3099
1719,1719,679844490799091713,869,2560
1720,1720,679828447187857408,15567,39132
1721,1721,679777920601223168,1252,3337
1722,1722,679736210798047232,894,2265
1723,1723,679729593985699840,918,2329
1724,1724,679722016581222400,527,1788
1725,1725,679530280114372609,2302,5129
1726,1726,679527802031484928,809,2858
1727,1727,679511351870550016,1434,3641
1728,1728,679503373272485890,1650,3419
1729,1729,679475951516934144,712,2262
1730,1730,679462823135686656,20912,34295
1731,1731,679405845277462528,1343,2563
1732,1732,679158373988876288,9021,23205
1733,1733,679148763231985668,1142,2986
1734,1734,679132435750195208,1291,3203
1735,1735,679111216690831360,2849,6421
1736,1736,679062614270468097,9150,18431
1737,1737,679047485189439488,764,2432
1738,1738,679001094530465792,1363,3041
1739,1739,678991772295516161,1314,2503
1740,1740,678969228704284672,517,1771
1741,1741,678800283649069056,998,2770
1742,1742,678798276842360832,1323,3754
1743,1743,678774928607469569,1023,2993
1744,1744,678767140346941444,1531,3807
1745,1745,678764513869611008,534,1753
1746,1746,678755239630127104,3679,7680
1747,1747,678740035362037760,1899,4043
1748,1748,678708137298427904,2708,5978
1749,1749,678675843183484930,1658,3090
1750,1750,678643457146150913,480,2215
1751,1751,678446151570427904,1755,4288
1752,1752,678424312106393600,2834,5830
1753,1753,678410210315247616,2033,4568
1754,1754,678399652199309312,30349,61524
1755,1755,678396796259975168,466,1708
1756,1756,678389028614488064,464,2001
1757,1757,678380236862578688,1000,2615
1758,1758,678341075375947776,596,1864
1759,1759,678334497360859136,296,1399
1760,1760,678278586130948096,6721,12338
1761,1761,678255464182861824,410,1700
1762,1762,678023323247357953,434,2066
1763,1763,678021115718029313,7032,14771
1764,1764,677961670166224897,1851,3652
1765,1765,677918531514703872,453,1448
1766,1766,677895101218201600,2349,5191
1767,1767,677716515794329600,1082,3272
1768,1768,677700003327029250,1589,3633
1769,1769,677698403548192770,356,1313
1770,1770,677687604918272002,931,2641
1771,1771,677673981332312066,1651,3574
1772,1772,677662372920729601,1080,2099
1773,1773,677644091929329666,877,2009
1774,1774,677573743309385728,809,2286
1775,1775,677565715327688705,508,1383
1776,1776,677557565589463040,1294,2621
1777,1777,677547928504967168,4002,7435
1778,1778,677530072887205888,247,1142
1779,1779,677335745548390400,1984,3273
1780,1780,677334615166730240,325,1457
1781,1781,677331501395156992,262,1170
1782,1782,677328882937298944,1659,3887
1783,1783,677314812125323265,600,1761
1784,1784,677301033169788928,459,1336
1785,1785,677269281705472000,777,2128
1786,1786,677228873407442944,1808,3778
1787,1787,677187300187611136,1014,2924
1788,1788,676975532580409345,1180,2967
1789,1789,676957860086095872,893,2356
1790,1790,676949632774234114,437,1386
1791,1791,676948236477857792,964,2315
1792,1792,676946864479084545,419,1818
1793,1793,676942428000112642,845,2220
1794,1794,676936541936185344,5417,13605
1795,1795,676916996760600576,1975,3176
1796,1796,676897532954456065,804,2392
1797,1797,676864501615042560,786,2243
1798,1798,676821958043033607,17252,24713
1799,1799,676819651066732545,726,1923
1800,1800,676811746707918848,466,1508
1801,1801,676776431406465024,2206,5310
1802,1802,676617503762681856,1086,3096
1803,1803,676613908052996102,213,1156
1804,1804,676606785097199616,484,2011
1805,1805,676603393314578432,432,1250
1806,1806,676593408224403456,2373,4884
1807,1807,676590572941893632,140,981
1808,1808,676588346097852417,880,2489
1809,1809,676582956622721024,309,1290
1810,1810,676575501977128964,1242,2766
1811,1811,676533798876651520,608,2001
1812,1812,676496375194980353,592,1612
1813,1813,676470639084101634,5132,12447
1814,1814,676440007570247681,735,1833
1815,1815,676430933382295552,378,1490
1816,1816,676263575653122048,599,2208
1817,1817,676237365392908289,329,1302
1818,1818,676219687039057920,34063,79148
1819,1819,676215927814406144,648,1850
1820,1820,676191832485810177,1129,2431
1821,1821,676146341966438401,730,2049
1822,1822,676121918416756736,1279,2294
1823,1823,676101918813499392,1265,2992
1824,1824,676098748976615425,1581,3222
1825,1825,676089483918516224,472,1403
1826,1826,675898130735476737,643,1743
1827,1827,675891555769696257,957,2269
1828,1828,675888385639251968,1053,2541
1829,1829,675878199931371520,1545,4444
1830,1830,675870721063669760,622,1748
1831,1831,675853064436391936,1434,2870
1832,1832,675849018447167488,167,1003
1833,1833,675845657354215424,981,2432
1834,1834,675822767435051008,581,1627
1835,1835,675820929667219457,252,1119
1836,1836,675798442703122432,3707,10920
1837,1837,675781562965868544,522,1720
1838,1838,675740360753160193,381,1234
1839,1839,675710890956750848,910,2014
1840,1840,675707330206547968,758,2116
1841,1841,675706639471788032,104,683
1842,1842,675534494439489536,460,1914
1843,1843,675531475945709568,423,1250
1844,1844,675522403582218240,309,1105
1845,1845,675517828909424640,498,1386
1846,1846,675501075957489664,6371,18227
1847,1847,675497103322386432,1424,3332
1848,1848,675489971617296384,656,1373
1849,1849,675483430902214656,1060,1958
1850,1850,675432746517426176,619,1604
1851,1851,675372240448454658,550,1805
1852,1852,675362609739206656,254,1114
1853,1853,675354435921575936,18697,34747
1854,1854,675349384339542016,2483,4181
1855,1855,675334060156301312,1406,2953
1856,1856,675166823650848770,1764,3840
1857,1857,675153376133427200,2857,6688
1858,1858,675149409102012420,1840,3969
1859,1859,675147105808306176,264,1003
1860,1860,675146535592706048,342,1271
1861,1861,675145476954566656,986,2263
1862,1862,675135153782571009,534,1368
1863,1863,675113801096802304,857,2077
1864,1864,675111688094527488,276,1020
1865,1865,675109292475830276,1235,2956
1866,1866,675047298674663426,358,1123
1867,1867,675015141583413248,1301,2862
1868,1868,675006312288268288,245,1030
1869,1869,675003128568291329,510,1639
1870,1870,674999807681908736,1212,2393
1871,1871,674805413498527744,384,914
1872,1872,674800520222154752,936,3178
1873,1873,674793399141146624,1200,2653
1874,1874,674790488185167872,273,1163
1875,1875,674788554665512960,227,854
1876,1876,674781762103414784,1317,2121
1877,1877,674774481756377088,524,1189
1878,1878,674767892831932416,866,1944
1879,1879,674764817387900928,259,837
1880,1880,674754018082705410,484,1439
1881,1881,674752233200820224,505,1558
1882,1882,674743008475090944,596,1481
1883,1883,674742531037511680,54,516
1884,1884,674739953134403584,426,1177
1885,1885,674737130913071104,100,677
1886,1886,674690135443775488,504,1214
1887,1887,674670581682434048,707,1709
1888,1888,674664755118911488,274,974
1889,1889,674646392044941312,548,1507
1890,1890,674644256330530816,299,1082
1891,1891,674638615994089473,636,1777
1892,1892,674632714662858753,623,1589
1893,1893,674606911342424069,111,993
1894,1894,674468880899788800,2235,6555
1895,1895,674447403907457024,385,1119
1896,1896,674436901579923456,423,1177
1897,1897,674422304705744896,578,1513
1898,1898,674416750885273600,152,717
1899,1899,674410619106390016,510,1266
1900,1900,674394782723014656,621,1580
1901,1901,674372068062928900,337,899
1902,1902,674330906434379776,80,590
1903,1903,674318007229923329,562,1485
1904,1904,674307341513269249,7518,11952
1905,1905,674291837063053312,6403,15568
1906,1906,674271431610523648,787,1659
1907,1907,674269164442398721,250,943
1908,1908,674265582246694913,917,1725
1909,1909,674262580978937856,493,1361
1910,1910,674255168825880576,610,1545
1911,1911,674082852460433408,182,788
1912,1912,674075285688614912,311,1033
1913,1913,674063288070742018,2409,6716
1914,1914,674053186244734976,1414,3507
1915,1915,674051556661161984,523,1538
1916,1916,674045139690631169,698,1491
1917,1917,674042553264685056,140,759
1918,1918,674038233588723717,447,1158
1919,1919,674036086168010753,235,891
1920,1920,674024893172875264,1337,1885
1921,1921,674019345211760640,332,1188
1922,1922,674014384960745472,702,1653
1923,1923,674008982932058114,383,1267
1924,1924,673956914389192708,1049,2063
1925,1925,673919437611909120,392,1231
1926,1926,673906403526995968,1777,3352
1927,1927,673887867907739649,272,979
1928,1928,673716320723169284,827,3242
1929,1929,673715861853720576,2266,3740
1930,1930,673711475735838725,322,1095
1931,1931,673709992831262724,302,889
1932,1932,673708611235921920,312,1125
1933,1933,673707060090052608,426,1159
1934,1934,673705679337693185,430,1316
1935,1935,673700254269775872,619,1510
1936,1936,673697980713705472,2120,4002
1937,1937,673689733134946305,696,1831
1938,1938,673688752737402881,527,1308
1939,1939,673686845050527744,470,1516
1940,1940,673680198160809984,512,1433
1941,1941,673662677122719744,390,1306
1942,1942,673656262056419329,262,752
1943,1943,673636718965334016,399,1177
1944,1944,673612854080196609,785,1665
1945,1945,673583129559498752,396,1246
1946,1946,673580926094458881,291,865
1947,1947,673576835670777856,605,1448
1948,1948,673363615379013632,335,1068
1949,1949,673359818736984064,721,1529
1950,1950,673355879178194945,641,1572
1951,1951,673352124999274496,585,1728
1952,1952,673350198937153538,226,765
1953,1953,673345638550134785,1391,2653
1954,1954,673343217010679808,286,1017
1955,1955,673342308415348736,637,1333
1956,1956,673320132811366400,8546,14235
1957,1957,673317986296586240,288,908
1958,1958,673295268553605120,3417,7918
1959,1959,673270968295534593,396,1114
1960,1960,673240798075449344,782,1485
1961,1961,673213039743795200,911,2364
1962,1962,673148804208660480,683,1788
1963,1963,672997845381865473,773,2059
1964,1964,672995267319328768,323,999
1965,1965,672988786805112832,309,1017
1966,1966,672984142909456390,586,1304
1967,1967,672980819271634944,1063,1888
1968,1968,672975131468300288,998,1772
1969,1969,672970152493887488,384,1000
1970,1970,672968025906282496,593,1378
1971,1971,672964561327235073,691,1489
1972,1972,672902681409806336,542,1425
1973,1973,672898206762672129,451,927
1974,1974,672884426393653248,888,1622
1975,1975,672877615439593473,396,1076
1976,1976,672834301050937345,615,1378
1977,1977,672828477930868736,522,1321
1978,1978,672640509974827008,345,1019
1979,1979,672622327801233409,531,1356
1980,1980,672614745925664768,635,1278
1981,1981,672609152938721280,417,1162
1982,1982,672604026190569472,435,1166
1983,1983,672594978741354496,650,1386
1984,1984,672591762242805761,359,993
1985,1985,672591271085670400,202,763
1986,1986,672538107540070400,400,1073
1987,1987,672523490734551040,187,679
1988,1988,672488522314567680,473,1165
1989,1989,672482722825261057,653,1191
1990,1990,672481316919734272,131,741
1991,1991,672475084225949696,759,1511
1992,1992,672466075045466113,583,1415
1993,1993,672272411274932228,3627,6771
1994,1994,672267570918129665,657,1560
1995,1995,672264251789176834,371,1196
1996,1996,672256522047614977,1679,2949
1997,1997,672254177670729728,788,1490
1998,1998,672248013293752320,649,1803
1999,1999,672245253877968896,167,716
2000,2000,672239279297454080,343,938
2001,2001,672231046314901505,1078,1926
2002,2002,672222792075620352,228,817
2003,2003,672205392827572224,1244,2368
2004,2004,672169685991993344,396,1061
2005,2005,672160042234327040,389,908
2006,2006,672139350159835138,778,1836
2007,2007,672125275208069120,1229,2521
2008,2008,672095186491711488,393,1039
2009,2009,672082170312290304,394,987
2010,2010,672068090318987265,554,1362
2011,2011,671896809300709376,4441,8872
2012,2012,671891728106971137,604,1389
2013,2013,671882082306625538,1475,3629
2014,2014,671879137494245376,738,1481
2015,2015,671874878652489728,591,1307
2016,2016,671866342182637568,538,1169
2017,2017,671855973984772097,490,958
2018,2018,671789708968640512,3745,7403
2019,2019,671768281401958400,561,1243
2020,2020,671763349865160704,985,1756
2021,2021,671744970634719232,827,1405
2022,2022,671743150407421952,242,768
2023,2023,671735591348891648,804,1512
2024,2024,671729906628341761,4693,8959
2025,2025,671561002136281088,7778,13486
2026,2026,671550332464455680,224,953
2027,2027,671547767500775424,638,1419
2028,2028,671544874165002241,1127,2089
2029,2029,671542985629241344,605,1141
2030,2030,671538301157904385,429,962
2031,2031,671536543010570240,436,1225
2032,2032,671533943490011136,617,1073
2033,2033,671528761649688577,275,877
2034,2034,671520732782923777,576,1464
2035,2035,671518598289059840,312,988
2036,2036,671511350426865664,777,1696
2037,2037,671504605491109889,3796,7388
2038,2038,671497587707535361,477,964
2039,2039,671488513339211776,507,1059
2040,2040,671486386088865792,225,610
2041,2041,671485057807351808,249,792
2042,2042,671390180817915904,792,1487
2043,2043,671362598324076544,314,1170
2044,2044,671357843010908160,156,420
2045,2045,671355857343524864,119,499
2046,2046,671347597085433856,464,1013
2047,2047,671186162933985280,234,774
2048,2048,671182547775299584,372,1173
2049,2049,671166507850801152,383,913
2050,2050,671163268581498880,1188,1737
2051,2051,671159727754231808,89,393
2052,2052,671154572044468225,233,755
2053,2053,671151324042559489,164,702
2054,2054,671147085991960577,247,699
2055,2055,671141549288370177,700,1223
2056,2056,671138694582165504,434,977
2057,2057,671134062904504320,209,784
2058,2058,671122204919246848,2716,3662
2059,2059,671115716440031232,826,1410
2060,2060,671109016219725825,472,1200
2061,2061,670995969505435648,312,1154
2062,2062,670842764863651840,9422,25728
2063,2063,670840546554966016,210,620
2064,2064,670838202509447168,744,1166
2065,2065,670833812859932673,133,466
2066,2066,670832455012716544,237,768
2067,2067,670826280409919488,4386,5836
2068,2068,670823764196741120,203,809
2069,2069,670822709593571328,104,635
2070,2070,670815497391357952,1668,3333
2071,2071,670811965569282048,289,1179
2072,2072,670807719151067136,525,1200
2073,2073,670804601705242624,1011,2062
2074,2074,670803562457407488,93,351
2075,2075,670797304698376195,256,760
2076,2076,670792680469889025,295,873
2077,2077,670789397210615808,254,690
2078,2078,670786190031921152,216,630
2079,2079,670783437142401025,423,857
2080,2080,670782429121134593,846,1656
2081,2081,670780561024270336,309,811
2082,2082,670778058496974848,77,340
2083,2083,670764103623966721,456,1128
2084,2084,670755717859713024,121,467
2085,2085,670733412878163972,542,1005
2086,2086,670727704916926465,393,870
2087,2087,670717338665226240,535,1275
2088,2088,670704688707301377,399,795
2089,2089,670691627984359425,258,616
2090,2090,670679630144274432,312,783
2091,2091,670676092097810432,45,260
2092,2092,670668383499735048,5424,11256
2093,2093,670474236058800128,820,1601
2094,2094,670468609693655041,90,367
2095,2095,670465786746662913,595,1016
2096,2096,670452855871037440,222,573
2097,2097,670449342516494336,720,1245
2098,2098,670444955656130560,2112,7032
2099,2099,670442337873600512,207,679
2100,2100,670435821946826752,562,1099
2101,2101,670434127938719744,695,1475
2102,2102,670433248821026816,121,337
2103,2103,670428280563085312,681,1458
2104,2104,670427002554466305,175,541
2105,2105,670421925039075328,692,1379
2106,2106,670420569653809152,335,657
2107,2107,670417414769758208,344,591
2108,2108,670411370698022913,974,2142
2109,2109,670408998013820928,240,585
2110,2110,670403879788544000,171,452
2111,2111,670385711116361728,231,583
2112,2112,670374371102445568,289,774
2113,2113,670361874861563904,71,340
2114,2114,670338931251150849,118,446
2115,2115,670319130621435904,1328,4042
2116,2116,670303360680108032,147,443
2117,2117,670290420111441920,310,739
2118,2118,670093938074779648,360,1089
2119,2119,670086499208155136,269,726
2120,2120,670079681849372674,1350,2342
2121,2121,670073503555706880,854,1641
2122,2122,670069087419133954,268,666
2123,2123,670061506722140161,371,802
2124,2124,670055038660800512,355,701
2125,2125,670046952931721218,191,676
2126,2126,670040295598354432,117,787
2127,2127,670037189829525505,300,616
2128,2128,670003130994700288,99,346
2129,2129,669993076832759809,90,337
2130,2130,669972011175813120,173,462
2131,2131,669970042633789440,65,316
2132,2132,669942763794931712,180,527
2133,2133,669926384437997569,112,393
2134,2134,669923323644657664,62,246
2135,2135,669753178989142016,428,843
2136,2136,669749430875258880,71,285
2137,2137,669684865554620416,95,547
2138,2138,669683899023405056,117,410
2139,2139,669682095984410625,142,369
2140,2140,669680153564442624,309,700
2141,2141,669661792646373376,469,843
2142,2142,669625907762618368,1929,3704
2143,2143,669603084620980224,394,994
2144,2144,669597912108789760,162,538
2145,2145,669583744538451968,997,1561
2146,2146,669573570759163904,154,458
2147,2147,669571471778410496,1070,1663
2148,2148,669567591774625800,61,243
2149,2149,669564461267722241,131,405
2150,2150,669393256313184256,82,379
2151,2151,669375718304980992,777,1401
2152,2152,669371483794317312,192,516
2153,2153,669367896104181761,169,480
2154,2154,669363888236994561,248,656
2155,2155,669359674819481600,133,384
2156,2156,669354382627049472,1364,2849
2157,2157,669353438988365824,277,676
2158,2158,669351434509529089,203,467
2159,2159,669328503091937280,445,1060
2160,2160,669327207240699904,125,602
2161,2161,669324657376567296,221,516
2162,2162,669216679721873412,412,947
2163,2163,669214165781868544,180,462
2164,2164,669203728096960512,513,1059
2165,2165,669037058363662336,329,682
2166,2166,669015743032369152,395,776
2167,2167,669006782128353280,266,600
2168,2168,669000397445533696,6820,21838
2169,2169,668994913074286592,251,462
2170,2170,668992363537309700,377,787
2171,2171,668989615043424256,350,713
2172,2172,668988183816871936,511,948
2173,2173,668986018524233728,181,576
2174,2174,668981893510119424,331,568
2175,2175,668979806671884288,376,832
2176,2176,668975677807423489,626,1372
2177,2177,668967877119254528,25,157
2178,2178,668960084974809088,257,741
2179,2179,668955713004314625,74,296
2180,2180,668932921458302977,62,281
2181,2181,668902994700836864,106,333
2182,2182,668892474547511297,163,413
2183,2183,668872652652679168,317,551
2184,2184,668852170888998912,175,471
2185,2185,668826086256599040,150,459
2186,2186,668815180734689280,289,598
2187,2187,668779399630725120,400,738
2188,2188,668655139528511488,231,554
2189,2189,668645506898350081,580,944
2190,2190,668643542311546881,569,928
2191,2191,668641109086707712,569,1129
2192,2192,668636665813057536,517,1092
2193,2193,668633411083464705,1756,2975
2194,2194,668631377374486528,343,750
2195,2195,668627278264475648,122,334
2196,2196,668625577880875008,140,413
2197,2197,668623201287675904,838,1517
2198,2198,668620235289837568,45,210
2199,2199,668614819948453888,337,639
2200,2200,668587383441514497,1157,1735
2201,2201,668567822092664832,61,258
2202,2202,668544745690562560,246,542
2203,2203,668542336805281792,227,484
2204,2204,668537837512433665,78,259
2205,2205,668528771708952576,239,490
2206,2206,668507509523615744,114,341
2207,2207,668496999348633600,143,429
2208,2208,668484198282485761,250,446
2209,2209,668480044826800133,159,483
2210,2210,668466899341221888,548,926
2211,2211,668297328638447616,315,648
2212,2212,668291999406125056,34,261
2213,2213,668286279830867968,148,526
2214,2214,668274247790391296,246,868
2215,2215,668268907921326080,256,582
2216,2216,668256321989451776,658,1362
2217,2217,668248472370458624,520,1040
2218,2218,668237644992782336,3043,6500
2219,2219,668226093875376128,113,321
2220,2220,668221241640230912,214,530
2221,2221,668204964695683073,205,579
2222,2222,668190681446379520,207,682
2223,2223,668171859951755264,205,515
2224,2224,668154635664932864,334,515
2225,2225,668142349051129856,303,583
2226,2226,668113020489474048,262,696
2227,2227,667937095915278337,846,1335
2228,2228,667924896115245057,119,313
2229,2229,667915453470232577,58,218
2230,2230,667911425562669056,323,515
2231,2231,667902449697558528,392,882
2232,2232,667886921285246976,1158,1975
2233,2233,667885044254572545,519,853
2234,2234,667878741721415682,126,406
2235,2235,667873844930215936,433,657
2236,2236,667866724293877760,1093,3127
2237,2237,667861340749471744,83,251
2238,2238,667832474953625600,68,297
2239,2239,667806454573760512,526,1092
2240,2240,667801013445750784,100,341
2241,2241,667793409583771648,351,722
2242,2242,667782464991965184,256,429
2243,2243,667773195014021121,59,241
2244,2244,667766675769573376,233,466
2245,2245,667728196545200128,159,388
2246,2246,667724302356258817,338,509
2247,2247,667550904950915073,36,0
2248,2248,667550882905632768,33,0
2249,2249,667549055577362432,2424,6037
2250,2250,667546741521195010,134,346
2251,2251,667544320556335104,556,903
2252,2252,667538891197542400,72,212
2253,2253,667534815156183040,568,853
2254,2254,667530908589760512,257,493
2255,2255,667524857454854144,1180,1770
2256,2256,667517642048163840,199,384
2257,2257,667509364010450944,2237,7052
2258,2258,667502640335572993,228,554
2259,2259,667495797102141441,291,549
2260,2260,667491009379606528,237,552
2261,2261,667470559035432960,101,269
2262,2262,667455448082227200,66,199
2263,2263,667453023279554560,95,321
2264,2264,667443425659232256,613,816
2265,2265,667437278097252352,254,470
2266,2266,667435689202614272,87,319
2267,2267,667405339315146752,229,482
2268,2268,667393430834667520,59,203
2269,2269,667369227918143488,170,380
2270,2270,667211855547486208,253,511
2271,2271,667200525029539841,276,643
2272,2272,667192066997374976,114,404
2273,2273,667188689915760640,440,771
2274,2274,667182792070062081,6521,14873
2275,2275,667177989038297088,57,195
2276,2276,667176164155375616,481,632
2277,2277,667174963120574464,86,257
2278,2278,667171260800061440,95,229
2279,2279,667165590075940865,1210,2776
2280,2280,667160273090932737,65,264
2281,2281,667152164079423490,17952,49082
2282,2282,667138269671505920,2339,4764
2283,2283,667119796878725120,133,342
2284,2284,667090893657276420,130,342
2285,2285,667073648344346624,130,419
2286,2286,667070482143944705,14,86
2287,2287,667065535570550784,49,171
2288,2288,667062181243039745,56,223
2289,2289,667044094246576128,52,194
2290,2290,667012601033924608,235,463
2291,2291,666996132027977728,100,252
2292,2292,666983947667116034,1028,2641
2293,2293,666837028449972224,572,843
2294,2294,666835007768551424,82,220
2295,2295,666826780179869698,101,262
2296,2296,666817836334096384,260,534
2297,2297,666804364988780544,94,246
2298,2298,666786068205871104,506,791
2299,2299,666781792255496192,203,398
2300,2300,666776908487630848,180,361
2301,2301,666739327293083650,68,240
2302,2302,666701168228331520,226,443
2303,2303,666691418707132416,49,190
2304,2304,666649482315059201,598,905
2305,2305,666644823164719104,86,236
2306,2306,666454714377183233,216,534
2307,2307,666447344410484738,22,105
2308,2308,666437273139982337,50,129
2309,2309,666435652385423360,54,167
2310,2310,666430724426358785,201,322
2311,2311,666428276349472768,86,168
2312,2312,666421158376562688,116,320
2313,2313,666418789513326592,47,127
2314,2314,666411507551481857,334,454
2315,2315,666407126856765440,42,112
2316,2316,666396247373291520,88,170
2317,2317,666373753744588802,95,192
2318,2318,666362758909284353,581,789
2319,2319,666353288456101888,74,227
2320,2320,666345417576210432,143,304
2321,2321,666337882303524864,95,201
2322,2322,666293911632134144,363,512
2323,2323,666287406224695296,68,151
2324,2324,666273097616637952,79,179
2325,2325,666268910803644416,36,104
2326,2326,666104133288665088,6745,14535
2327,2327,666102155909144576,13,80
2328,2328,666099513787052032,71,159
2329,2329,666094000022159362,76,166
2330,2330,666082916733198337,45,120
2331,2331,666073100786774016,172,327
2332,2332,666071193221509120,64,152
2333,2333,666063827256086533,225,486
2334,2334,666058600524156928,58,114
2335,2335,666057090499244032,143,302
2336,2336,666055525042405380,258,444
2337,2337,666051853826850816,864,1239
2338,2338,666050758794694657,59,134
2339,2339,666049248165822465,40,108
2340,2340,666044226329800704,143,304
2341,2341,666033412701032449,46,126
2342,2342,666029285002620928,47,130
2343,2343,666020888022790149,518,2527
2344,2344,707297311098011648,889,2963
2345,2345,689289219123089408,1038,2435
